user_id,task_id,plan_quality
Participant-1,test-149,2
Participant-1,test-200,4
Participant-1,test-388,5
Participant-1,test-497,5
Participant-1,test-675,5
Participant-1,test-859,3
Participant-2,test-149,2
Participant-2,test-200,3
Participant-2,test-388,5
Participant-2,test-497,3
Participant-2,test-675,3
Participant-2,test-859,3
Participant-3,test-149,2
Participant-3,test-200,3
Participant-3,test-388,5
Participant-3,test-497,5
Participant-3,test-675,5
Participant-3,test-859,3
Participant-4,test-149,5
Participant-4,test-200,3
Participant-4,test-388,5
Participant-4,test-497,5
Participant-4,test-675,1
Participant-4,test-859,3
Participant-5,test-149,2
Participant-5,test-200,3
Participant-5,test-388,5
Participant-5,test-497,5
Participant-5,test-675,5
Participant-5,test-859,3
Participant-6,test-149,2
Participant-6,test-200,3
Participant-6,test-388,5
Participant-6,test-497,5
Participant-6,test-675,5
Participant-6,test-859,3
Participant-7,test-149,2
Participant-7,test-200,3
Participant-7,test-388,5
Participant-7,test-497,5
Participant-7,test-675,5
Participant-7,test-859,3
Participant-8,test-149,2
Participant-8,test-200,3
Participant-8,test-388,5
Participant-8,test-497,5
Participant-8,test-675,5
Participant-8,test-859,3
Participant-9,test-149,1
Participant-9,test-200,3
Participant-9,test-388,1
Participant-9,test-497,2
Participant-9,test-675,5
Participant-9,test-859,1
Participant-10,test-149,2
Participant-10,test-200,3
Participant-10,test-388,5
Participant-10,test-497,5
Participant-10,test-675,5
Participant-10,test-859,3
Participant-11,test-149,2
Participant-11,test-200,3
Participant-11,test-388,5
Participant-11,test-497,5
Participant-11,test-675,5
Participant-11,test-859,3
Participant-12,test-149,2
Participant-12,test-200,3
Participant-12,test-388,5
Participant-12,test-497,5
Participant-12,test-675,5
Participant-12,test-859,3
Participant-13,test-149,2
Participant-13,test-200,3
Participant-13,test-388,5
Participant-13,test-497,5
Participant-13,test-675,5
Participant-13,test-859,3
Participant-14,test-149,2
Participant-14,test-200,3
Participant-14,test-388,5
Participant-14,test-497,5
Participant-14,test-675,5
Participant-14,test-859,3
Participant-15,test-149,2
Participant-15,test-200,3
Participant-15,test-388,5
Participant-15,test-497,5
Participant-15,test-675,5
Participant-15,test-859,3
Participant-16,test-149,2
Participant-16,test-200,3
Participant-16,test-388,5
Participant-16,test-497,5
Participant-16,test-675,5
Participant-16,test-859,3
Participant-17,test-149,2
Participant-17,test-200,3
Participant-17,test-388,5
Participant-17,test-497,5
Participant-17,test-675,5
Participant-17,test-859,3
Participant-18,test-149,2
Participant-18,test-200,3
Participant-18,test-388,5
Participant-18,test-497,5
Participant-18,test-675,5
Participant-18,test-859,3
Participant-19,test-149,2
Participant-19,test-200,3
Participant-19,test-388,5
Participant-19,test-497,5
Participant-19,test-675,5
Participant-19,test-859,3
Participant-20,test-149,5
Participant-20,test-200,1
Participant-20,test-388,5
Participant-20,test-497,5
Participant-20,test-675,5
Participant-20,test-859,3
Participant-21,test-149,2
Participant-21,test-200,3
Participant-21,test-388,5
Participant-21,test-497,5
Participant-21,test-675,5
Participant-21,test-859,3
Participant-22,test-149,2
Participant-22,test-200,1
Participant-22,test-388,5
Participant-22,test-497,5
Participant-22,test-675,5
Participant-22,test-859,3
Participant-23,test-149,2
Participant-23,test-200,3
Participant-23,test-388,5
Participant-23,test-497,5
Participant-23,test-675,5
Participant-23,test-859,1
Participant-24,test-149,2
Participant-24,test-200,3
Participant-24,test-388,5
Participant-24,test-497,5
Participant-24,test-675,5
Participant-24,test-859,3
Participant-25,test-149,2
Participant-25,test-200,4
Participant-25,test-388,5
Participant-25,test-497,4
Participant-25,test-675,5
Participant-25,test-859,1
Participant-26,test-149,2
Participant-26,test-200,3
Participant-26,test-388,5
Participant-26,test-497,5
Participant-26,test-675,5
Participant-26,test-859,3
Participant-27,test-149,2
Participant-27,test-200,3
Participant-27,test-388,5
Participant-27,test-497,5
Participant-27,test-675,5
Participant-27,test-859,3
Participant-28,test-149,2
Participant-28,test-200,3
Participant-28,test-388,5
Participant-28,test-497,5
Participant-28,test-675,5
Participant-28,test-859,3
Participant-29,test-149,2
Participant-29,test-200,3
Participant-29,test-388,5
Participant-29,test-497,5
Participant-29,test-675,5
Participant-29,test-859,3
Participant-30,test-149,2
Participant-30,test-200,3
Participant-30,test-388,5
Participant-30,test-497,5
Participant-30,test-675,5
Participant-30,test-859,3
Participant-31,test-149,2
Participant-31,test-200,3
Participant-31,test-388,5
Participant-31,test-497,5
Participant-31,test-675,1
Participant-31,test-859,1
Participant-32,test-149,2
Participant-32,test-200,3
Participant-32,test-388,5
Participant-32,test-497,5
Participant-32,test-675,5
Participant-32,test-859,3
Participant-33,test-149,2
Participant-33,test-200,3
Participant-33,test-388,5
Participant-33,test-497,5
Participant-33,test-675,5
Participant-33,test-859,3
Participant-34,test-149,2
Participant-34,test-200,3
Participant-34,test-388,5
Participant-34,test-497,5
Participant-34,test-675,5
Participant-34,test-859,3
Participant-35,test-149,2
Participant-35,test-200,3
Participant-35,test-388,5
Participant-35,test-497,5
Participant-35,test-675,1
Participant-35,test-859,3
Participant-36,test-149,2
Participant-36,test-200,3
Participant-36,test-388,5
Participant-36,test-497,5
Participant-36,test-675,5
Participant-36,test-859,3
Participant-37,test-149,2
Participant-37,test-200,3
Participant-37,test-388,5
Participant-37,test-497,5
Participant-37,test-675,5
Participant-37,test-859,3
Participant-38,test-149,2
Participant-38,test-200,3
Participant-38,test-388,5
Participant-38,test-497,5
Participant-38,test-675,5
Participant-38,test-859,3
Participant-39,test-149,2
Participant-39,test-200,3
Participant-39,test-388,5
Participant-39,test-497,5
Participant-39,test-675,5
Participant-39,test-859,3
Participant-40,test-149,2
Participant-40,test-200,3
Participant-40,test-388,5
Participant-40,test-497,5
Participant-40,test-675,5
Participant-40,test-859,3
Participant-41,test-149,2
Participant-41,test-200,3
Participant-41,test-388,5
Participant-41,test-497,5
Participant-41,test-675,5
Participant-41,test-859,3
Participant-42,test-149,2
Participant-42,test-200,1
Participant-42,test-388,5
Participant-42,test-497,5
Participant-42,test-675,5
Participant-42,test-859,3
Participant-43,test-149,2
Participant-43,test-200,3
Participant-43,test-388,5
Participant-43,test-497,5
Participant-43,test-675,5
Participant-43,test-859,3
Participant-44,test-149,2
Participant-44,test-200,3
Participant-44,test-388,5
Participant-44,test-497,5
Participant-44,test-675,3
Participant-44,test-859,3
Participant-45,test-149,5
Participant-45,test-200,1
Participant-45,test-388,5
Participant-45,test-497,5
Participant-45,test-675,3
Participant-45,test-859,3
Participant-46,test-149,2
Participant-46,test-200,3
Participant-46,test-388,5
Participant-46,test-497,5
Participant-46,test-675,5
Participant-46,test-859,3
Participant-47,test-149,2
Participant-47,test-200,3
Participant-47,test-388,2
Participant-47,test-497,5
Participant-47,test-675,5
Participant-47,test-859,5
Participant-48,test-149,2
Participant-48,test-200,3
Participant-48,test-388,5
Participant-48,test-497,5
Participant-48,test-675,3
Participant-48,test-859,3
Participant-49,test-149,2
Participant-49,test-200,3
Participant-49,test-388,5
Participant-49,test-497,5
Participant-49,test-675,5
Participant-49,test-859,3
Participant-50,test-149,2
Participant-50,test-200,3
Participant-50,test-388,5
Participant-50,test-497,5
Participant-50,test-675,5
Participant-50,test-859,3
Participant-51,test-149,2
Participant-51,test-200,3
Participant-51,test-388,5
Participant-51,test-497,5
Participant-51,test-675,5
Participant-51,test-859,3
Participant-52,test-149,2
Participant-52,test-200,3
Participant-52,test-388,5
Participant-52,test-497,5
Participant-52,test-675,5
Participant-52,test-859,3
Participant-53,test-149,5
Participant-53,test-200,3
Participant-53,test-388,5
Participant-53,test-497,5
Participant-53,test-675,5
Participant-53,test-859,3
Participant-54,test-149,2
Participant-54,test-200,3
Participant-54,test-388,5
Participant-54,test-497,5
Participant-54,test-675,5
Participant-54,test-859,3
Participant-55,test-149,2
Participant-55,test-200,3
Participant-55,test-388,5
Participant-55,test-497,5
Participant-55,test-675,5
Participant-55,test-859,3
Participant-56,test-149,2
Participant-56,test-200,3
Participant-56,test-388,5
Participant-56,test-497,5
Participant-56,test-675,5
Participant-56,test-859,3
Participant-57,test-149,2
Participant-57,test-200,3
Participant-57,test-388,5
Participant-57,test-497,5
Participant-57,test-675,5
Participant-57,test-859,3
Participant-58,test-149,2
Participant-58,test-200,3
Participant-58,test-388,5
Participant-58,test-497,5
Participant-58,test-675,5
Participant-58,test-859,3
Participant-59,test-149,2
Participant-59,test-200,3
Participant-59,test-388,1
Participant-59,test-497,5
Participant-59,test-675,5
Participant-59,test-859,3
Participant-60,test-149,2
Participant-60,test-200,3
Participant-60,test-388,5
Participant-60,test-497,5
Participant-60,test-675,5
Participant-60,test-859,3
Participant-61,test-149,2
Participant-61,test-200,3
Participant-61,test-388,5
Participant-61,test-497,5
Participant-61,test-675,5
Participant-61,test-859,3
Participant-62,test-149,2
Participant-62,test-200,3
Participant-62,test-388,5
Participant-62,test-497,5
Participant-62,test-675,5
Participant-62,test-859,3
Participant-63,test-149,2
Participant-63,test-200,3
Participant-63,test-388,5
Participant-63,test-497,5
Participant-63,test-675,5
Participant-63,test-859,3
Participant-64,test-149,2
Participant-64,test-200,3
Participant-64,test-388,5
Participant-64,test-497,5
Participant-64,test-675,5
Participant-64,test-859,3
Participant-65,test-149,1
Participant-65,test-200,3
Participant-65,test-388,1
Participant-65,test-497,5
Participant-65,test-675,5
Participant-65,test-859,3
Participant-66,test-149,2
Participant-66,test-200,1
Participant-66,test-388,5
Participant-66,test-497,5
Participant-66,test-675,1
Participant-66,test-859,3
Participant-67,test-149,2
Participant-67,test-200,3
Participant-67,test-388,5
Participant-67,test-497,5
Participant-67,test-675,5
Participant-67,test-859,3
Participant-68,test-149,2
Participant-68,test-200,3
Participant-68,test-388,5
Participant-68,test-497,5
Participant-68,test-675,5
Participant-68,test-859,3
Participant-69,test-149,2
Participant-69,test-200,3
Participant-69,test-388,5
Participant-69,test-497,5
Participant-69,test-675,5
Participant-69,test-859,3
Participant-70,test-149,2
Participant-70,test-200,3
Participant-70,test-388,5
Participant-70,test-497,5
Participant-70,test-675,5
Participant-70,test-859,3
Participant-71,test-149,5
Participant-71,test-200,3
Participant-71,test-388,5
Participant-71,test-497,5
Participant-71,test-675,5
Participant-71,test-859,3
Participant-72,test-149,2
Participant-72,test-200,3
Participant-72,test-388,5
Participant-72,test-497,5
Participant-72,test-675,5
Participant-72,test-859,3
Participant-73,test-149,2
Participant-73,test-200,3
Participant-73,test-388,5
Participant-73,test-497,5
Participant-73,test-675,5
Participant-73,test-859,3
Participant-74,test-149,2
Participant-74,test-200,3
Participant-74,test-388,5
Participant-74,test-497,5
Participant-74,test-675,5
Participant-74,test-859,3
Participant-75,test-149,2
Participant-75,test-200,3
Participant-75,test-388,5
Participant-75,test-497,5
Participant-75,test-675,5
Participant-75,test-859,3
Participant-76,test-149,2
Participant-76,test-200,3
Participant-76,test-388,1
Participant-76,test-497,5
Participant-76,test-675,5
Participant-76,test-859,3
Participant-77,test-149,2
Participant-77,test-200,3
Participant-77,test-388,5
Participant-77,test-497,4
Participant-77,test-675,1
Participant-77,test-859,3
Participant-78,test-149,2
Participant-78,test-200,3
Participant-78,test-388,5
Participant-78,test-497,5
Participant-78,test-675,5
Participant-78,test-859,3
Participant-79,test-149,2
Participant-79,test-200,3
Participant-79,test-388,5
Participant-79,test-497,5
Participant-79,test-675,5
Participant-79,test-859,3
Participant-80,test-149,5
Participant-80,test-200,3
Participant-80,test-388,1
Participant-80,test-497,5
Participant-80,test-675,5
Participant-80,test-859,3
Participant-81,test-149,1
Participant-81,test-200,3
Participant-81,test-388,5
Participant-81,test-497,5
Participant-81,test-675,5
Participant-81,test-859,3
Participant-82,test-149,2
Participant-82,test-200,3
Participant-82,test-388,5
Participant-82,test-497,5
Participant-82,test-675,5
Participant-82,test-859,3
Participant-83,test-149,2
Participant-83,test-200,3
Participant-83,test-388,5
Participant-83,test-497,5
Participant-83,test-675,5
Participant-83,test-859,3
Participant-84,test-149,2
Participant-84,test-200,3
Participant-84,test-388,5
Participant-84,test-497,5
Participant-84,test-675,5
Participant-84,test-859,3
Participant-85,test-149,2
Participant-85,test-200,3
Participant-85,test-388,5
Participant-85,test-497,5
Participant-85,test-675,5
Participant-85,test-859,3
Participant-86,test-149,2
Participant-86,test-200,3
Participant-86,test-388,5
Participant-86,test-497,5
Participant-86,test-675,5
Participant-86,test-859,3
Participant-87,test-149,2
Participant-87,test-200,3
Participant-87,test-388,5
Participant-87,test-497,5
Participant-87,test-675,5
Participant-87,test-859,3
Participant-88,test-149,2
Participant-88,test-200,3
Participant-88,test-388,5
Participant-88,test-497,5
Participant-88,test-675,5
Participant-88,test-859,3
Participant-89,test-149,2
Participant-89,test-200,3
Participant-89,test-388,5
Participant-89,test-497,5
Participant-89,test-675,5
Participant-89,test-859,3
Participant-90,test-149,2
Participant-90,test-200,3
Participant-90,test-388,5
Participant-90,test-497,5
Participant-90,test-675,5
Participant-90,test-859,3
Participant-91,test-149,2
Participant-91,test-200,3
Participant-91,test-388,5
Participant-91,test-497,5
Participant-91,test-675,5
Participant-91,test-859,3
Participant-92,test-149,3
Participant-92,test-200,3
Participant-92,test-388,5
Participant-92,test-497,5
Participant-92,test-675,5
Participant-92,test-859,3
Participant-93,test-149,2
Participant-93,test-200,3
Participant-93,test-388,5
Participant-93,test-497,5
Participant-93,test-675,5
Participant-93,test-859,3
Participant-94,test-149,2
Participant-94,test-200,3
Participant-94,test-388,5
Participant-94,test-497,5
Participant-94,test-675,5
Participant-94,test-859,3
Participant-95,test-149,2
Participant-95,test-200,3
Participant-95,test-388,5
Participant-95,test-497,5
Participant-95,test-675,5
Participant-95,test-859,3
Participant-96,test-149,2
Participant-96,test-200,3
Participant-96,test-388,5
Participant-96,test-497,5
Participant-96,test-675,5
Participant-96,test-859,3
Participant-97,test-149,2
Participant-97,test-200,3
Participant-97,test-388,5
Participant-97,test-497,2
Participant-97,test-675,5
Participant-97,test-859,3
Participant-98,test-149,2
Participant-98,test-200,3
Participant-98,test-388,5
Participant-98,test-497,5
Participant-98,test-675,5
Participant-98,test-859,3
Participant-99,test-149,2
Participant-99,test-200,3
Participant-99,test-388,5
Participant-99,test-497,5
Participant-99,test-675,5
Participant-99,test-859,3
Participant-100,test-149,2
Participant-100,test-200,3
Participant-100,test-388,5
Participant-100,test-497,5
Participant-100,test-675,5
Participant-100,test-859,3
Participant-101,test-149,3
Participant-101,test-200,3
Participant-101,test-388,5
Participant-101,test-497,5
Participant-101,test-675,5
Participant-101,test-859,3
Participant-102,test-149,2
Participant-102,test-200,3
Participant-102,test-388,5
Participant-102,test-497,5
Participant-102,test-675,5
Participant-102,test-859,3
Participant-103,test-149,2
Participant-103,test-200,3
Participant-103,test-388,5
Participant-103,test-497,5
Participant-103,test-675,5
Participant-103,test-859,3
Participant-104,test-149,2
Participant-104,test-200,3
Participant-104,test-388,5
Participant-104,test-497,5
Participant-104,test-675,5
Participant-104,test-859,3
Participant-105,test-149,2
Participant-105,test-200,3
Participant-105,test-388,5
Participant-105,test-497,5
Participant-105,test-675,5
Participant-105,test-859,3
Participant-106,test-149,2
Participant-106,test-200,3
Participant-106,test-388,5
Participant-106,test-497,5
Participant-106,test-675,5
Participant-106,test-859,3
Participant-107,test-149,2
Participant-107,test-200,3
Participant-107,test-388,5
Participant-107,test-497,5
Participant-107,test-675,5
Participant-107,test-859,3
Participant-108,test-149,2
Participant-108,test-200,3
Participant-108,test-388,5
Participant-108,test-497,5
Participant-108,test-675,5
Participant-108,test-859,3
Participant-109,test-149,2
Participant-109,test-200,3
Participant-109,test-388,5
Participant-109,test-497,5
Participant-109,test-675,5
Participant-109,test-859,3
Participant-110,test-149,2
Participant-110,test-200,3
Participant-110,test-388,5
Participant-110,test-497,1
Participant-110,test-675,5
Participant-110,test-859,1
Participant-111,test-149,5
Participant-111,test-200,1
Participant-111,test-388,5
Participant-111,test-497,5
Participant-111,test-675,3
Participant-111,test-859,1
Participant-112,test-149,2
Participant-112,test-200,3
Participant-112,test-388,5
Participant-112,test-497,5
Participant-112,test-675,5
Participant-112,test-859,3
Participant-113,test-149,2
Participant-113,test-200,3
Participant-113,test-388,5
Participant-113,test-497,5
Participant-113,test-675,5
Participant-113,test-859,3
Participant-114,test-149,2
Participant-114,test-200,3
Participant-114,test-388,5
Participant-114,test-497,5
Participant-114,test-675,5
Participant-114,test-859,3
Participant-115,test-149,2
Participant-115,test-200,3
Participant-115,test-388,5
Participant-115,test-497,5
Participant-115,test-675,5
Participant-115,test-859,3
Participant-116,test-149,2
Participant-116,test-200,3
Participant-116,test-388,5
Participant-116,test-497,5
Participant-116,test-675,5
Participant-116,test-859,5
Participant-117,test-149,2
Participant-117,test-200,3
Participant-117,test-388,5
Participant-117,test-497,5
Participant-117,test-675,5
Participant-117,test-859,3
Participant-118,test-149,2
Participant-118,test-200,3
Participant-118,test-388,5
Participant-118,test-497,5
Participant-118,test-675,5
Participant-118,test-859,3
Participant-119,test-149,2
Participant-119,test-200,3
Participant-119,test-388,5
Participant-119,test-497,5
Participant-119,test-675,5
Participant-119,test-859,3
Participant-120,test-149,2
Participant-120,test-200,3
Participant-120,test-388,5
Participant-120,test-497,5
Participant-120,test-675,5
Participant-120,test-859,3
Participant-121,test-149,2
Participant-121,test-200,3
Participant-121,test-388,5
Participant-121,test-497,5
Participant-121,test-675,5
Participant-121,test-859,3
Participant-122,test-149,2
Participant-122,test-200,3
Participant-122,test-388,5
Participant-122,test-497,5
Participant-122,test-675,5
Participant-122,test-859,3
Participant-123,test-149,2
Participant-123,test-200,3
Participant-123,test-388,5
Participant-123,test-497,5
Participant-123,test-675,5
Participant-123,test-859,3
Participant-124,test-149,2
Participant-124,test-200,3
Participant-124,test-388,5
Participant-124,test-497,5
Participant-124,test-675,5
Participant-124,test-859,3
Participant-125,test-149,2
Participant-125,test-200,3
Participant-125,test-388,5
Participant-125,test-497,5
Participant-125,test-675,5
Participant-125,test-859,3
Participant-126,test-149,2
Participant-126,test-200,3
Participant-126,test-388,5
Participant-126,test-497,5
Participant-126,test-675,5
Participant-126,test-859,3
Participant-127,test-149,2
Participant-127,test-200,3
Participant-127,test-388,5
Participant-127,test-497,5
Participant-127,test-675,5
Participant-127,test-859,3
Participant-128,test-149,2
Participant-128,test-200,3
Participant-128,test-388,5
Participant-128,test-497,5
Participant-128,test-675,5
Participant-128,test-859,3
Participant-129,test-149,5
Participant-129,test-200,3
Participant-129,test-388,5
Participant-129,test-497,3
Participant-129,test-675,5
Participant-129,test-859,3
Participant-130,test-149,2
Participant-130,test-200,3
Participant-130,test-388,5
Participant-130,test-497,5
Participant-130,test-675,5
Participant-130,test-859,3
Participant-131,test-149,2
Participant-131,test-200,3
Participant-131,test-388,5
Participant-131,test-497,5
Participant-131,test-675,1
Participant-131,test-859,1
Participant-132,test-149,2
Participant-132,test-200,3
Participant-132,test-388,5
Participant-132,test-497,5
Participant-132,test-675,5
Participant-132,test-859,3
Participant-133,test-149,2
Participant-133,test-200,3
Participant-133,test-388,5
Participant-133,test-497,5
Participant-133,test-675,5
Participant-133,test-859,3
Participant-134,test-149,2
Participant-134,test-200,3
Participant-134,test-388,5
Participant-134,test-497,5
Participant-134,test-675,5
Participant-134,test-859,3
Participant-135,test-149,2
Participant-135,test-200,3
Participant-135,test-388,5
Participant-135,test-497,5
Participant-135,test-675,5
Participant-135,test-859,3
Participant-136,test-149,2
Participant-136,test-200,3
Participant-136,test-388,5
Participant-136,test-497,5
Participant-136,test-675,5
Participant-136,test-859,3
Participant-137,test-149,2
Participant-137,test-200,3
Participant-137,test-388,5
Participant-137,test-497,5
Participant-137,test-675,5
Participant-137,test-859,3
Participant-138,test-149,2
Participant-138,test-200,3
Participant-138,test-388,5
Participant-138,test-497,5
Participant-138,test-675,5
Participant-138,test-859,3
Participant-139,test-149,2
Participant-139,test-200,3
Participant-139,test-388,5
Participant-139,test-497,5
Participant-139,test-675,5
Participant-139,test-859,3
Participant-140,test-149,2
Participant-140,test-200,3
Participant-140,test-388,5
Participant-140,test-497,5
Participant-140,test-675,5
Participant-140,test-859,3
Participant-141,test-149,2
Participant-141,test-200,3
Participant-141,test-388,1
Participant-141,test-497,5
Participant-141,test-675,5
Participant-141,test-859,3
Participant-142,test-149,2
Participant-142,test-200,3
Participant-142,test-388,1
Participant-142,test-497,5
Participant-142,test-675,5
Participant-142,test-859,3
Participant-143,test-149,2
Participant-143,test-200,3
Participant-143,test-388,5
Participant-143,test-497,5
Participant-143,test-675,5
Participant-143,test-859,3
Participant-144,test-149,2
Participant-144,test-200,3
Participant-144,test-388,5
Participant-144,test-497,5
Participant-144,test-675,5
Participant-144,test-859,3
Participant-145,test-149,2
Participant-145,test-200,3
Participant-145,test-388,5
Participant-145,test-497,5
Participant-145,test-675,5
Participant-145,test-859,3
Participant-146,test-149,2
Participant-146,test-200,3
Participant-146,test-388,5
Participant-146,test-497,5
Participant-146,test-675,5
Participant-146,test-859,3
Participant-147,test-149,2
Participant-147,test-200,3
Participant-147,test-388,5
Participant-147,test-497,5
Participant-147,test-675,5
Participant-147,test-859,3
Participant-148,test-149,2
Participant-148,test-200,3
Participant-148,test-388,5
Participant-148,test-497,5
Participant-148,test-675,5
Participant-148,test-859,3
Participant-149,test-149,2
Participant-149,test-200,3
Participant-149,test-388,5
Participant-149,test-497,5
Participant-149,test-675,5
Participant-149,test-859,3
Participant-150,test-149,2
Participant-150,test-200,3
Participant-150,test-388,5
Participant-150,test-497,5
Participant-150,test-675,5
Participant-150,test-859,3
Participant-151,test-149,2
Participant-151,test-200,3
Participant-151,test-388,5
Participant-151,test-497,5
Participant-151,test-675,5
Participant-151,test-859,3
Participant-152,test-149,2
Participant-152,test-200,3
Participant-152,test-388,4
Participant-152,test-497,1
Participant-152,test-675,5
Participant-152,test-859,1
Participant-153,test-149,2
Participant-153,test-200,3
Participant-153,test-388,5
Participant-153,test-497,5
Participant-153,test-675,5
Participant-153,test-859,3
Participant-154,test-149,2
Participant-154,test-200,3
Participant-154,test-388,5
Participant-154,test-497,5
Participant-154,test-675,5
Participant-154,test-859,3
Participant-155,test-149,2
Participant-155,test-200,3
Participant-155,test-388,5
Participant-155,test-497,5
Participant-155,test-675,5
Participant-155,test-859,3
Participant-156,test-149,2
Participant-156,test-200,3
Participant-156,test-388,5
Participant-156,test-497,5
Participant-156,test-675,5
Participant-156,test-859,3
Participant-157,test-149,2
Participant-157,test-200,3
Participant-157,test-388,5
Participant-157,test-497,5
Participant-157,test-675,5
Participant-157,test-859,3
Participant-158,test-149,2
Participant-158,test-200,3
Participant-158,test-388,5
Participant-158,test-497,5
Participant-158,test-675,5
Participant-158,test-859,3
Participant-159,test-149,2
Participant-159,test-200,3
Participant-159,test-388,5
Participant-159,test-497,1
Participant-159,test-675,5
Participant-159,test-859,3
Participant-160,test-149,2
Participant-160,test-200,3
Participant-160,test-388,5
Participant-160,test-497,5
Participant-160,test-675,5
Participant-160,test-859,3
Participant-161,test-149,5
Participant-161,test-200,3
Participant-161,test-388,5
Participant-161,test-497,3
Participant-161,test-675,5
Participant-161,test-859,3
Participant-162,test-149,5
Participant-162,test-200,4
Participant-162,test-388,5
Participant-162,test-497,5
Participant-162,test-675,1
Participant-162,test-859,3
Participant-163,test-149,5
Participant-163,test-200,3
Participant-163,test-388,5
Participant-163,test-497,5
Participant-163,test-675,5
Participant-163,test-859,3
Participant-164,test-149,2
Participant-164,test-200,3
Participant-164,test-388,5
Participant-164,test-497,5
Participant-164,test-675,5
Participant-164,test-859,3
Participant-165,test-149,2
Participant-165,test-200,3
Participant-165,test-388,5
Participant-165,test-497,5
Participant-165,test-675,5
Participant-165,test-859,3
Participant-166,test-149,2
Participant-166,test-200,3
Participant-166,test-388,5
Participant-166,test-497,5
Participant-166,test-675,5
Participant-166,test-859,3
Participant-167,test-149,2
Participant-167,test-200,3
Participant-167,test-388,5
Participant-167,test-497,5
Participant-167,test-675,5
Participant-167,test-859,3
Participant-168,test-149,2
Participant-168,test-200,3
Participant-168,test-388,1
Participant-168,test-497,5
Participant-168,test-675,5
Participant-168,test-859,1
Participant-169,test-149,2
Participant-169,test-200,3
Participant-169,test-388,5
Participant-169,test-497,5
Participant-169,test-675,5
Participant-169,test-859,3
Participant-170,test-149,2
Participant-170,test-200,3
Participant-170,test-388,5
Participant-170,test-497,5
Participant-170,test-675,5
Participant-170,test-859,3
Participant-171,test-149,2
Participant-171,test-200,3
Participant-171,test-388,5
Participant-171,test-497,5
Participant-171,test-675,5
Participant-171,test-859,3
Participant-172,test-149,2
Participant-172,test-200,3
Participant-172,test-388,5
Participant-172,test-497,5
Participant-172,test-675,5
Participant-172,test-859,3
Participant-173,test-149,2
Participant-173,test-200,3
Participant-173,test-388,1
Participant-173,test-497,5
Participant-173,test-675,5
Participant-173,test-859,3
Participant-174,test-149,2
Participant-174,test-200,3
Participant-174,test-388,5
Participant-174,test-497,3
Participant-174,test-675,3
Participant-174,test-859,3
Participant-175,test-149,2
Participant-175,test-200,3
Participant-175,test-388,5
Participant-175,test-497,5
Participant-175,test-675,5
Participant-175,test-859,3
Participant-176,test-149,2
Participant-176,test-200,3
Participant-176,test-388,5
Participant-176,test-497,5
Participant-176,test-675,5
Participant-176,test-859,3
Participant-177,test-149,2
Participant-177,test-200,3
Participant-177,test-388,5
Participant-177,test-497,5
Participant-177,test-675,5
Participant-177,test-859,3
Participant-178,test-149,2
Participant-178,test-200,3
Participant-178,test-388,4
Participant-178,test-497,1
Participant-178,test-675,5
Participant-178,test-859,2
Participant-179,test-149,2
Participant-179,test-200,3
Participant-179,test-388,5
Participant-179,test-497,5
Participant-179,test-675,5
Participant-179,test-859,3
Participant-180,test-149,5
Participant-180,test-200,3
Participant-180,test-388,5
Participant-180,test-497,5
Participant-180,test-675,5
Participant-180,test-859,3
Participant-181,test-149,5
Participant-181,test-200,3
Participant-181,test-388,5
Participant-181,test-497,5
Participant-181,test-675,5
Participant-181,test-859,3
Participant-182,test-149,2
Participant-182,test-200,3
Participant-182,test-388,5
Participant-182,test-497,5
Participant-182,test-675,5
Participant-182,test-859,3
Participant-183,test-149,2
Participant-183,test-200,3
Participant-183,test-388,5
Participant-183,test-497,5
Participant-183,test-675,5
Participant-183,test-859,3
Participant-184,test-149,2
Participant-184,test-200,3
Participant-184,test-388,5
Participant-184,test-497,5
Participant-184,test-675,5
Participant-184,test-859,3
Participant-185,test-149,2
Participant-185,test-200,3
Participant-185,test-388,1
Participant-185,test-497,5
Participant-185,test-675,5
Participant-185,test-859,1
Participant-186,test-149,2
Participant-186,test-200,1
Participant-186,test-388,5
Participant-186,test-497,5
Participant-186,test-675,5
Participant-186,test-859,3
Participant-187,test-149,2
Participant-187,test-200,3
Participant-187,test-388,5
Participant-187,test-497,5
Participant-187,test-675,5
Participant-187,test-859,3
Participant-188,test-149,2
Participant-188,test-200,3
Participant-188,test-388,5
Participant-188,test-497,5
Participant-188,test-675,5
Participant-188,test-859,3
Participant-189,test-149,2
Participant-189,test-200,3
Participant-189,test-388,5
Participant-189,test-497,5
Participant-189,test-675,5
Participant-189,test-859,3
Participant-190,test-149,2
Participant-190,test-200,5
Participant-190,test-388,5
Participant-190,test-497,5
Participant-190,test-675,5
Participant-190,test-859,3
Participant-191,test-149,2
Participant-191,test-200,3
Participant-191,test-388,5
Participant-191,test-497,5
Participant-191,test-675,5
Participant-191,test-859,3
Participant-192,test-149,2
Participant-192,test-200,3
Participant-192,test-388,5
Participant-192,test-497,5
Participant-192,test-675,5
Participant-192,test-859,3
Participant-193,test-149,2
Participant-193,test-200,3
Participant-193,test-388,5
Participant-193,test-497,5
Participant-193,test-675,5
Participant-193,test-859,3
Participant-194,test-149,2
Participant-194,test-200,3
Participant-194,test-388,5
Participant-194,test-497,5
Participant-194,test-675,5
Participant-194,test-859,3
Participant-195,test-149,2
Participant-195,test-200,3
Participant-195,test-388,5
Participant-195,test-497,5
Participant-195,test-675,5
Participant-195,test-859,3
Participant-196,test-149,2
Participant-196,test-200,3
Participant-196,test-388,5
Participant-196,test-497,5
Participant-196,test-675,5
Participant-196,test-859,3
Participant-197,test-149,2
Participant-197,test-200,3
Participant-197,test-388,5
Participant-197,test-497,5
Participant-197,test-675,5
Participant-197,test-859,3
Participant-198,test-149,2
Participant-198,test-200,3
Participant-198,test-388,5
Participant-198,test-497,5
Participant-198,test-675,5
Participant-198,test-859,3
Participant-199,test-149,2
Participant-199,test-200,3
Participant-199,test-388,5
Participant-199,test-497,5
Participant-199,test-675,5
Participant-199,test-859,3
Participant-200,test-149,2
Participant-200,test-200,1
Participant-200,test-388,3
Participant-200,test-497,1
Participant-200,test-675,5
Participant-200,test-859,3
Participant-201,test-149,2
Participant-201,test-200,3
Participant-201,test-388,5
Participant-201,test-497,5
Participant-201,test-675,5
Participant-201,test-859,3
Participant-202,test-149,2
Participant-202,test-200,3
Participant-202,test-388,5
Participant-202,test-497,5
Participant-202,test-675,5
Participant-202,test-859,3
Participant-203,test-149,2
Participant-203,test-200,3
Participant-203,test-388,5
Participant-203,test-497,5
Participant-203,test-675,5
Participant-203,test-859,3
Participant-204,test-149,2
Participant-204,test-200,3
Participant-204,test-388,5
Participant-204,test-497,5
Participant-204,test-675,5
Participant-204,test-859,3
Participant-205,test-149,2
Participant-205,test-200,3
Participant-205,test-388,5
Participant-205,test-497,5
Participant-205,test-675,5
Participant-205,test-859,3
Participant-206,test-149,2
Participant-206,test-200,3
Participant-206,test-388,5
Participant-206,test-497,5
Participant-206,test-675,5
Participant-206,test-859,3
Participant-207,test-149,2
Participant-207,test-200,3
Participant-207,test-388,5
Participant-207,test-497,5
Participant-207,test-675,5
Participant-207,test-859,3
Participant-208,test-149,2
Participant-208,test-200,3
Participant-208,test-388,5
Participant-208,test-497,5
Participant-208,test-675,5
Participant-208,test-859,3
Participant-209,test-149,2
Participant-209,test-200,3
Participant-209,test-388,5
Participant-209,test-497,5
Participant-209,test-675,5
Participant-209,test-859,3
Participant-210,test-149,2
Participant-210,test-200,3
Participant-210,test-388,5
Participant-210,test-497,5
Participant-210,test-675,5
Participant-210,test-859,3
Participant-211,test-149,2
Participant-211,test-200,3
Participant-211,test-388,5
Participant-211,test-497,5
Participant-211,test-675,5
Participant-211,test-859,3
Participant-212,test-149,2
Participant-212,test-200,3
Participant-212,test-388,5
Participant-212,test-497,5
Participant-212,test-675,5
Participant-212,test-859,3
Participant-213,test-149,2
Participant-213,test-200,1
Participant-213,test-388,5
Participant-213,test-497,5
Participant-213,test-675,3
Participant-213,test-859,3
Participant-214,test-149,1
Participant-214,test-200,1
Participant-214,test-388,5
Participant-214,test-497,5
Participant-214,test-675,5
Participant-214,test-859,1
Participant-215,test-149,2
Participant-215,test-200,3
Participant-215,test-388,5
Participant-215,test-497,5
Participant-215,test-675,5
Participant-215,test-859,3
Participant-216,test-149,2
Participant-216,test-200,3
Participant-216,test-388,5
Participant-216,test-497,5
Participant-216,test-675,5
Participant-216,test-859,3
Participant-217,test-149,2
Participant-217,test-200,3
Participant-217,test-388,5
Participant-217,test-497,5
Participant-217,test-675,5
Participant-217,test-859,3
Participant-218,test-149,2
Participant-218,test-200,3
Participant-218,test-388,5
Participant-218,test-497,5
Participant-218,test-675,5
Participant-218,test-859,3
Participant-219,test-149,2
Participant-219,test-200,3
Participant-219,test-388,5
Participant-219,test-497,5
Participant-219,test-675,5
Participant-219,test-859,3
Participant-220,test-149,2
Participant-220,test-200,3
Participant-220,test-388,5
Participant-220,test-497,5
Participant-220,test-675,5
Participant-220,test-859,3
Participant-221,test-149,2
Participant-221,test-200,3
Participant-221,test-388,5
Participant-221,test-497,5
Participant-221,test-675,5
Participant-221,test-859,3
Participant-222,test-149,2
Participant-222,test-200,3
Participant-222,test-388,5
Participant-222,test-497,5
Participant-222,test-675,5
Participant-222,test-859,3
Participant-223,test-149,2
Participant-223,test-200,3
Participant-223,test-388,5
Participant-223,test-497,5
Participant-223,test-675,5
Participant-223,test-859,3
Participant-224,test-149,2
Participant-224,test-200,3
Participant-224,test-388,5
Participant-224,test-497,5
Participant-224,test-675,5
Participant-224,test-859,3
Participant-225,test-149,2
Participant-225,test-200,3
Participant-225,test-388,5
Participant-225,test-497,5
Participant-225,test-675,5
Participant-225,test-859,3
Participant-226,test-149,5
Participant-226,test-200,3
Participant-226,test-388,5
Participant-226,test-497,5
Participant-226,test-675,5
Participant-226,test-859,3
Participant-227,test-149,2
Participant-227,test-200,5
Participant-227,test-388,1
Participant-227,test-497,5
Participant-227,test-675,5
Participant-227,test-859,3
Participant-228,test-149,2
Participant-228,test-200,3
Participant-228,test-388,5
Participant-228,test-497,5
Participant-228,test-675,5
Participant-228,test-859,3
Participant-229,test-149,2
Participant-229,test-200,3
Participant-229,test-388,5
Participant-229,test-497,5
Participant-229,test-675,5
Participant-229,test-859,3
Participant-230,test-149,2
Participant-230,test-200,3
Participant-230,test-388,5
Participant-230,test-497,5
Participant-230,test-675,5
Participant-230,test-859,3
Participant-231,test-149,2
Participant-231,test-200,3
Participant-231,test-388,5
Participant-231,test-497,5
Participant-231,test-675,5
Participant-231,test-859,3
Participant-232,test-149,2
Participant-232,test-200,3
Participant-232,test-388,5
Participant-232,test-497,5
Participant-232,test-675,5
Participant-232,test-859,3
Participant-233,test-149,2
Participant-233,test-200,3
Participant-233,test-388,5
Participant-233,test-497,5
Participant-233,test-675,5
Participant-233,test-859,3
Participant-234,test-149,5
Participant-234,test-200,3
Participant-234,test-388,5
Participant-234,test-497,5
Participant-234,test-675,5
Participant-234,test-859,3
Participant-235,test-149,5
Participant-235,test-200,3
Participant-235,test-388,5
Participant-235,test-497,5
Participant-235,test-675,5
Participant-235,test-859,3
Participant-236,test-149,2
Participant-236,test-200,3
Participant-236,test-388,5
Participant-236,test-497,5
Participant-236,test-675,5
Participant-236,test-859,3
Participant-237,test-149,2
Participant-237,test-200,3
Participant-237,test-388,5
Participant-237,test-497,5
Participant-237,test-675,5
Participant-237,test-859,3
Participant-238,test-149,2
Participant-238,test-200,3
Participant-238,test-388,5
Participant-238,test-497,5
Participant-238,test-675,4
Participant-238,test-859,3
Participant-239,test-149,2
Participant-239,test-200,3
Participant-239,test-388,5
Participant-239,test-497,5
Participant-239,test-675,5
Participant-239,test-859,3
Participant-240,test-149,2
Participant-240,test-200,3
Participant-240,test-388,5
Participant-240,test-497,5
Participant-240,test-675,5
Participant-240,test-859,1
Participant-241,test-149,2
Participant-241,test-200,3
Participant-241,test-388,5
Participant-241,test-497,5
Participant-241,test-675,5
Participant-241,test-859,3
Participant-242,test-149,1
Participant-242,test-200,2
Participant-242,test-388,3
Participant-242,test-497,3
Participant-242,test-675,3
Participant-242,test-859,3
Participant-243,test-149,2
Participant-243,test-200,3
Participant-243,test-388,5
Participant-243,test-497,5
Participant-243,test-675,5
Participant-243,test-859,3
Participant-244,test-149,2
Participant-244,test-200,3
Participant-244,test-388,5
Participant-244,test-497,5
Participant-244,test-675,5
Participant-244,test-859,3
Participant-245,test-149,2
Participant-245,test-200,3
Participant-245,test-388,5
Participant-245,test-497,5
Participant-245,test-675,5
Participant-245,test-859,3
Participant-246,test-149,2
Participant-246,test-200,3
Participant-246,test-388,5
Participant-246,test-497,5
Participant-246,test-675,5
Participant-246,test-859,3
Participant-247,test-149,2
Participant-247,test-200,3
Participant-247,test-388,5
Participant-247,test-497,5
Participant-247,test-675,5
Participant-247,test-859,3
Participant-248,test-149,2
Participant-248,test-200,3
Participant-248,test-388,2
Participant-248,test-497,5
Participant-248,test-675,5
Participant-248,test-859,3
